score,acc,pr,re,fscore
-1.4780792638469982,0.38050930460333005,0.09120521172638436,0.027613412228796843,0.04239212717638152
-1.021363173957274,0.49471565173628584,0.0,0.0,nan
-0.9122530693959259,0.5219807983830217,1.0,0.03469387755102041,0.0670611439842209
